title,url,source_archive,title_length,url_length
Mekete UK,https://meketetigray.uk/,https://aigaforum.com/Archive/ArchiveJan2021.htm,9,24
Abiy Aggression News,http://aigaforum.com/current-issue/Aggression-Against-Tigrai-by-Abiy-Ahmed-110320.htm,https://aigaforum.com/Archive/ArchiveJan2021.htm,20,85
Home,http://www.aigaforum.com/index.php,https://aigaforum.com/Archive/ArchiveJan2021.htm,4,34
አማርኛ/ትግርኛ,http://www.aigaforum.com/geez-index.php,https://aigaforum.com/Archive/ArchiveJan2021.htm,9,39
Tigrai TV,https://www.youtube.com/channel/UCW0FmkMO7KkYdIiNKXpY9Ng/videos,https://aigaforum.com/Archive/ArchiveJan2021.htm,9,63
DW TV,https://www.youtube.com/channel/UCv2j8jQyHVi6rTr1HDezP3g,https://aigaforum.com/Archive/ArchiveJan2021.htm,5,56
TMH,https://www.youtube.com/channel/UCBvvcSYeDriczyImdI1qZWw,https://aigaforum.com/Archive/ArchiveJan2021.htm,3,56
OMN,https://www.youtube.com/channel/UCmAnzjcjIgtWuE6AnBCViTg,https://aigaforum.com/Archive/ArchiveJan2021.htm,3,56
AWLO,https://www.youtube.com/channel/UCFRuICCV8fHJGa3AbcA3zOA,https://aigaforum.com/Archive/ArchiveJan2021.htm,4,56
Ethio Forum,https://www.youtube.com/channel/UCXUFyN9Ys5tiIHgJFQKRJvA,https://aigaforum.com/Archive/ArchiveJan2021.htm,11,56
KMN,https://www.youtube.com/channel/UCNMxaXuUGnGrqmdzW3cl-qA,https://aigaforum.com/Archive/ArchiveJan2021.htm,3,56
Archive,http://aigaforum.com/Archives.htm,https://aigaforum.com/Archive/ArchiveJan2021.htm,7,33
Update: Aggression Against Tigrai by Abiy Ahmed Nov 2020(Updated Daily!!),http://aigaforum.com/current-issue/Aggression-Against-Tigrai-by-Abiy-Ahmed-110320.htm,https://aigaforum.com/Archive/ArchiveJan2021.htm,73,85
"Call for Worldwide Protests Against Abiy, Isaias and UAE - Friday, Jan 8, 2021 and Friday, Jan 22, 2021",http://aigaforum.com/events-2020/Call-for-Worldwide-Protests-Against-Abiy-Isaias-UAE-in-Tigrai,https://aigaforum.com/Archive/ArchiveJan2021.htm,103,94
admin@aigaforum.com,mailto:admin@aigaforum.com,https://aigaforum.com/Archive/ArchiveJan2021.htm,19,26
..,http://www.aigaforum.com/?no_redirect=true,https://aigaforum.com/Archive/ArchiveJan2021.htm,2,42
Desktop,http://www.aigaforum.com/?no_redirect=true,https://aigaforum.com/Archive/ArchiveJan2021.htm,7,42
International Tigrayan Musilms Associations*ITMA) Statement on Al-Nejashi Attack,http://www.aigaforum.com/news2021/al-nejashi-attack-statement-ITMA-010421.pdf,https://aigaforum.com/Archive/ArchiveJan2021.htm,80,77
The Wild Claims of the Amhara,http://www.aigaforum.com/article2021/the-wild-claim-of-the-amhara.htm,https://aigaforum.com/Archive/ArchiveJan2021.htm,29,69
War in Tigray and Crimes of International Law,http://www.aigaforum.com/article2021/Abiy-War-in-Tigray.htm,https://aigaforum.com/Archive/ArchiveJan2021.htm,45,59
"The Ethiopian Human Right Commission, a partisan to promote the interest of one group",http://www.aigaforum.com/article2021/The-Ethiopian-Human-Right-Commission-partisan-promoter.htm,https://aigaforum.com/Archive/ArchiveJan2021.htm,85,95
"Know them Fully, Act Deliberately: Wail later!",http://www.aigaforum.com/article2021/Know-them-Fully-Act-Deliberately.htm,https://aigaforum.com/Archive/ArchiveJan2021.htm,46,73
Ethiopia's Road to Dictatorship,http://www.aigaforum.com/article2021/Ethiopia-Road-to-Dictatorship.htm,https://aigaforum.com/Archive/ArchiveJan2021.htm,31,70
Situation Report EEPA HORN No. 42 - 2 January 2021,https://martinplaut.com/2021/01/02/situation-report-eepa-horn-no-42-2-january-2021/,https://aigaforum.com/Archive/ArchiveJan2021.htm,50,83
The Unbreakable Moral: Tegaru also sing in time of adversity,http://www.aigaforum.com/article2021/The-Unbreakable-Tegaru-Moral.htm,https://aigaforum.com/Archive/ArchiveJan2021.htm,60,69
"በዩናይትድ
ኪንግደም እና
አየርላንድ ሀ/ስብከት
የኢትዮጵያ ኦርቶዶክስ
ተዋሕዶ  ቤ/ክ እምነት
የምንገኝ የትግራይ
ተወላጆች የምዕመናን
ሕብረት",http://aigaforum.com/documents/UK-Ireland-Holy-Synod-Statement-010221.pdf,https://aigaforum.com/Archive/ArchiveJan2021.htm,88,73
ED-REAP Calls for An Immediate Restoration of Peace and Unfettered Access of Humanitarian Aid to the People of Tigray,http://www.aigaforum.com/documents/ED-REAP-Statement-010121.pdf,https://aigaforum.com/Archive/ArchiveJan2021.htm,117,63
"Ethiopia Food Security Outlook Update, December 2020",https://reliefweb.int/report/ethiopia/ethiopia-food-security-outlook-update-december-2020,https://aigaforum.com/Archive/ArchiveJan2021.htm,52,89
To My fellow Tegaru.,http://www.aigaforum.com/article2021/to-my-fellow-tegaru.htm,https://aigaforum.com/Archive/ArchiveJan2021.htm,20,60
Selective mourning and shedding of tears for victims in Ethiopia,http://www.aigaforum.com/article2021/Selective-mourning-shedding-tears-in-Ethiopia.htm,https://aigaforum.com/Archive/ArchiveJan2021.htm,64,86
Abiy's final solution: Starving Tigray to Death,http://www.aigaforum.com/article2020/abiy-final-solution-for-tigrai.htm,https://aigaforum.com/Archive/ArchiveJan2021.htm,47,71
Hundreds Of Civilians Killed With Machetes And Axes In Ethiopian Town,https://www.npr.org/2020/12/28/950886248/hundreds-of-civilians-killed-with-machetes-and-axes-in-ethiopian-town,https://aigaforum.com/Archive/ArchiveJan2021.htm,69,110
Is Ethiopia the Next Yugoslavia?,https://foreignpolicy.com/2020/12/31/is-ethiopia-the-next-yugoslavia/,https://aigaforum.com/Archive/ArchiveJan2021.htm,32,69
"Isaias's Troops, Feral Children: Hybrid of Social Engineering and Cave Environment",http://www.aigaforum.com/article2020/Isaias-Troops-Feral-Children.htm,https://aigaforum.com/Archive/ArchiveJan2021.htm,82,69
Correct the Most Common Reporting Error: The War is Against the Tigray Nation!,http://www.aigaforum.com/article2020/Common-Reporting-Error-War-Against-Tigray-Nation.htm,https://aigaforum.com/Archive/ArchiveJan2021.htm,78,89
Abiy Ahmed's Crisis of Legitimacy,https://www.foreignaffairs.com/articles/africa/2020-12-30/abiy-ahmeds-crisis-legitimacy,https://aigaforum.com/Archive/ArchiveJan2021.htm,33,87
UN Sanctions on Ethiopia and Eritrea Justified,http://www.aigaforum.com/article2020/UN-Sanctions-on-Ethiopia-and-Eritrea-Justified.htm,https://aigaforum.com/Archive/ArchiveJan2021.htm,46,87
WHO chief on Ethiopia's Tigray conflict,https://www.aljazeera.com/news/2020/12/28/personal-pain-who-chief-speaks-on-ethiopias-tigray-conflict,https://aigaforum.com/Archive/ArchiveJan2021.htm,39,101
"አሁንስ ወዴት ?  (
ሕዚኸ ናበይ)",http://aigaforum.com/amharic-article-2020/now-where-to.htm,https://aigaforum.com/Archive/ArchiveJan2021.htm,22,58
The Collaboration of Ethiopia's Regime with Foreign Powers to Terminate the Tigrayan Ethnic Group,http://www.aigaforum.com/article2020/ethnic-cleansing-in-ethiopia.htm,https://aigaforum.com/Archive/ArchiveJan2021.htm,97,69
"TIGRAY WAR: REPORTS OF MASSACRES BY ERITREAN SOLDIERS, ALLIED WITH ABIY, IN FIGHTING",https://www.blackstarnews.com/global-politics/africa/tigray-war-reports-of-massacres-by-eritrean-soldiers-allied,https://aigaforum.com/Archive/ArchiveJan2021.htm,84,112
Refugees Come Under Fire as Old Foes Fight in Concert in Ethiopia,https://www.nytimes.com/2020/12/28/world/africa/Ethiopia-Eritrea-Tigray.html,https://aigaforum.com/Archive/ArchiveJan2021.htm,65,76
Ethiopia accused of war crimes in Mai Kadra massacre,https://morningstaronline.co.uk/article/w/ethiopia-accused-war-crimes-mai-kadra-massacre,https://aigaforum.com/Archive/ArchiveJan2021.htm,52,88
The looting of the Almeda textile factory in Adwa,https://eritreahub.org/tigray-the-looting-of-the-almeda-textile-factory-in-adwa?fbclid=IwAR3uRy5IeeOvXLsgeKkYJxpYQdTOsMr7w4PUa28mLj7u2f-QbCG9To8-4_Y,https://aigaforum.com/Archive/ArchiveJan2021.htm,49,148
The Horn of Africa on the Horns of Dilemma,http://www.aigaforum.com/article2020/Horn-of-Africa-on-the-Horns-of-Dilemma.htm,https://aigaforum.com/Archive/ArchiveJan2021.htm,42,79
The Wish to Experiment on the Minds of Tigrayans: A Nazi Style Genocide,http://www.aigaforum.com/article2020/The-Wish-to-Experiment-on-the-Minds-of-Tigrayans.htm,https://aigaforum.com/Archive/ArchiveJan2021.htm,71,89
"Mind over matter: Abiy Ahmed's aim to ""Pentecostalize Ethiopian politics""",https://www.ethiopia-insight.com/2020/12/24/mind-over-matter-abiy-ahmeds-aim-to-pentecostalize-ethiopian-politics/,https://aigaforum.com/Archive/ArchiveJan2021.htm,73,114
Do No Harm - Oath we can't justify ignoring during a civil war,http://www.aigaforum.com/article2020/Do-no-harm-response-to-humanitarian-toll-Tigray.pdf,https://aigaforum.com/Archive/ArchiveJan2021.htm,62,88
My eldest sister and her hometown Mekelle,http://www.aigaforum.com/article2020/My-eldest-sister-and-her-hometown-Mekelle.htm,https://aigaforum.com/Archive/ArchiveJan2021.htm,41,82
TIGRAI WILL WIN AGAINST ALL THE ODDS!,http://www.aigaforum.com/article2020/Tigrai-will-win-against-all-odds.htm,https://aigaforum.com/Archive/ArchiveJan2021.htm,37,73
Tigray-Tigrigni: Time Long Overdue.,http://www.aigaforum.com/article2020/Tigray-Tigrigni-Long-Overdue.htm,https://aigaforum.com/Archive/ArchiveJan2021.htm,35,69
"Run, Walk, or Move out!",http://www.aigaforum.com/article2020/Run-walk-or-move-out.htm,https://aigaforum.com/Archive/ArchiveJan2021.htm,23,61
A Heart-felt Gratitude to the Great People of the Sudan!,http://www.aigaforum.com/article2020/thankyou-letter-to-Sudan.htm,https://aigaforum.com/Archive/ArchiveJan2021.htm,56,65
The world is watching.,http://www.aigaforum.com/article2020/the-world-is-watching.htm,https://aigaforum.com/Archive/ArchiveJan2021.htm,22,62
Tigray: The darkest hour is just before the dawn,http://www.aigaforum.com/article2020/darkest-hour-before-the-dawn.htm,https://aigaforum.com/Archive/ArchiveJan2021.htm,48,69
Ethiopia: Bloody Burden of Tigrai,http://www.aigaforum.com/article2020/Ethiopia_Heavy_Burden_on_Tigrai.pdf,https://aigaforum.com/Archive/ArchiveJan2021.htm,33,72
Role of the U.S. in the Ethiopia-Tigray Civil War,http://www.aigaforum.com/article2020/Role-of-US-in-Ethiopia-Tigray-War.pdf,https://aigaforum.com/Archive/ArchiveJan2021.htm,49,74
"Urgent Call for UN Security Council Resolution to Stop Genocide in Tigray, Ethiopia.",http://www.aigaforum.com/current-issue/SJTE-to-UNSC-Dec-14-2020.htm,https://aigaforum.com/Archive/ArchiveJan2021.htm,84,67
A call to all Tegarus and their friends,http://www.aigaforum.com/article2020/A-call-to-all-Tegarus-inside-Tigray-State.htm,https://aigaforum.com/Archive/ArchiveJan2021.htm,39,82
For More Latest Amharic and Tigrigna ArticlesClick Here!,http://www.aigaforum.com/geez-index.php,https://aigaforum.com/Archive/ArchiveJan2021.htm,56,39
Mekete Tigrai Fundraising Donation Page,https://charity.gofundme.com/o/en/campaign/i-am-with-the-people-of-tigray?fbclid=IwAR20MOyF8PTMruInr3PzAs3QQccTGoYCiDdZSS0ww-QnYNzdPLPOBUlBWfs,https://aigaforum.com/Archive/ArchiveJan2021.htm,39,142
aigaforum.com,https://www.facebook.com/?ref=tn_tnmn,https://aigaforum.com/Archive/ArchiveJan2021.htm,13,37
GeezEditor,http://ethioadvocate.com/editor/,https://aigaforum.com/Archive/ArchiveJan2021.htm,10,32
northstartribune,https://northstartribune.com/,https://aigaforum.com/Archive/ArchiveJan2021.htm,16,29
5zufan.org,http://www.5zufan.org/,https://aigaforum.com/Archive/ArchiveJan2021.htm,10,22
HakfenMedia,http://hakfenmedia.com/,https://aigaforum.com/Archive/ArchiveJan2021.htm,11,23
Audio/Video,http://www.aigaforum.com/audiovideo.html,https://aigaforum.com/Archive/ArchiveJan2021.htm,11,40
Mission,http://www.aigaforum.com/Mission.html,https://aigaforum.com/Archive/ArchiveJan2021.htm,7,37
Tig Gov,http://www.tig-gpr.org/,https://aigaforum.com/Archive/ArchiveJan2021.htm,7,23
Ethioadvocate,http://ethioadvocate.com/,https://aigaforum.com/Archive/ArchiveJan2021.htm,13,25
Aiga Blog,http://aigaforum.com/blog/,https://aigaforum.com/Archive/ArchiveJan2021.htm,9,26
Con(LA),http://www.ethiopianconsla.org/,https://aigaforum.com/Archive/ArchiveJan2021.htm,7,31
Emb-(dc),http://www.ethiopianembassy.org/,https://aigaforum.com/Archive/ArchiveJan2021.htm,8,32
GSTs,http://scholars4tigrai.org/,https://aigaforum.com/Archive/ArchiveJan2021.htm,4,27
Wurayna,http://wurayna.com/index.php/,https://aigaforum.com/Archive/ArchiveJan2021.htm,7,29
MFA,http://www.mfa.gov.et/,https://aigaforum.com/Archive/ArchiveJan2021.htm,3,22
BBC,http://news.bbc.co.uk/hi/english/world/africa/,https://aigaforum.com/Archive/ArchiveJan2021.htm,3,46
Walta,http://www.waltainfo.com/,https://aigaforum.com/Archive/ArchiveJan2021.htm,5,25
ENA,https://www.ena.et/,https://aigaforum.com/Archive/ArchiveJan2021.htm,3,19
Capital,http://www.capitalethiopia.com/,https://aigaforum.com/Archive/ArchiveJan2021.htm,7,31
Reporter,http://www.ethiopianreporter.com/,https://aigaforum.com/Archive/ArchiveJan2021.htm,8,33
Hornaffairs,http://hornaffairs.com/,https://aigaforum.com/Archive/ArchiveJan2021.htm,11,23
Tigraionlne,http://www.tigraionline.com/,https://aigaforum.com/Archive/ArchiveJan2021.htm,11,28
Ethionews,http://ethiopianandworldnews.com/,https://aigaforum.com/Archive/ArchiveJan2021.htm,9,33
Voiceofethio,http://www.thevoiceofethiopia.com/,https://aigaforum.com/Archive/ArchiveJan2021.htm,12,34
UTNA,http://utna.org/,https://aigaforum.com/Archive/ArchiveJan2021.htm,4,16
Ethiosomali,http://www.ethiosomali.com/,https://aigaforum.com/Archive/ArchiveJan2021.htm,11,27
Nazret,http://www.nazret.com/,https://aigaforum.com/Archive/ArchiveJan2021.htm,6,22
Meskerem,http://meskerem.net/,https://aigaforum.com/Archive/ArchiveJan2021.htm,8,20
Awate,http://www.awate.com/,https://aigaforum.com/Archive/ArchiveJan2021.htm,5,21
Togoruba,http://togoruba.org/,https://aigaforum.com/Archive/ArchiveJan2021.htm,8,20
Sallina,http://sallina.com/,https://aigaforum.com/Archive/ArchiveJan2021.htm,7,19
Delina,http://delina.org/,https://aigaforum.com/Archive/ArchiveJan2021.htm,6,18
berimayda.org,http://berimayda.org/,https://aigaforum.com/Archive/ArchiveJan2021.htm,13,21
adwankebabian,http://adwankebabian.wixsite.com/adwa-and-surrounding,https://aigaforum.com/Archive/ArchiveJan2021.htm,13,53
ordaethiopia,http://www.ordaethiopia.org/,https://aigaforum.com/Archive/ArchiveJan2021.htm,12,28
ERDA,http://www.enderta.org/,https://aigaforum.com/Archive/ArchiveJan2021.htm,4,23
TDA,http://www.tdaint.org,https://aigaforum.com/Archive/ArchiveJan2021.htm,3,21
ODA,http://www.oda.org.et/,https://aigaforum.com/Archive/ArchiveJan2021.htm,3,22
Dasna.org,http://www.dasna.org/,https://aigaforum.com/Archive/ArchiveJan2021.htm,9,21
MU,http://www.mu.edu.et,https://aigaforum.com/Archive/ArchiveJan2021.htm,2,20
Rada,http://www.radasite.org/,https://aigaforum.com/Archive/ArchiveJan2021.htm,4,24
NegsteSaba,http://adwa.qsinternational.org/,https://aigaforum.com/Archive/ArchiveJan2021.htm,10,32
Axum,http://www.axumalumniassociation.com,https://aigaforum.com/Archive/ArchiveJan2021.htm,4,36
AYAA,http://www.atseyohannes.org/,https://aigaforum.com/Archive/ArchiveJan2021.htm,4,28
Awlaelo,http://www.awlaelo.org/,https://aigaforum.com/Archive/ArchiveJan2021.htm,7,23
Agazi,http://www.agazi.net/,https://aigaforum.com/Archive/ArchiveJan2021.htm,5,21
VOA-Amharic,http://amharic.voanews.com/,https://aigaforum.com/Archive/ArchiveJan2021.htm,11,27
VOA-Tigrigna,http://tigrigna.voanews.com/,https://aigaforum.com/Archive/ArchiveJan2021.htm,12,28
OMNA,https://omnatigray.org/,https://aigaforum.com/Archive/ArchiveFeb2021.htm,4,23
Tigray,http://aigaforum.com/article2021/tigray-poem.htm,https://aigaforum.com/Archive/ArchiveFeb2021.htm,6,48
Video+,http://www.aigaforum.com/current-issue/president-debretsion-public-message-013021.mp4,https://aigaforum.com/Archive/ArchiveFeb2021.htm,6,85
"Public Demonstration against the continued genocide in Tigrai by Abiy Ahmed, Isaias Afeworki of Eritrea and UAE.
Washington DC USA Jan 28, 2021",http://www.aigaforum.com/current-issue/DC-Demo-Jan28-Against-Tigrai-Genocide.pdf,https://aigaforum.com/Archive/ArchiveFeb2021.htm,143,80
ሰራዊት ኤሪትራ,http://aigaforum.com/amharic-article-2021/eritrean-army-poem.htm,https://aigaforum.com/Archive/ArchiveFeb2021.htm,9,64
ሰውራ ኤሪትራ,http://aigaforum.com/amharic-article-2021/eritrea-revolution-poem.htm,https://aigaforum.com/Archive/ArchiveFeb2021.htm,8,69
YOU CAN KILL A BLIND MAN NEVER HIS VISION,http://www.aigaforum.com/article2021/For-your-bravery-I-salute.htm,https://aigaforum.com/Archive/ArchiveFeb2021.htm,41,66
Bring it on!,http://www.aigaforum.com/article2021/Tigrai-Bring-it-on.htm,https://aigaforum.com/Archive/ArchiveFeb2021.htm,12,59
"ኣብይ ኣህመድ እና
የኣማራ ሊሂቅ ፖለቲካ",http://aigaforum.com/amharic-article-2021/abiy-ahmed-and-amhara-elite-politics.htm,https://aigaforum.com/Archive/ArchiveFeb2021.htm,25,82
Ethiopia's Abiy Ahmed goes from flying start to a quicksand of troubles.,https://www.thenationalnews.com/world/africa/ethiopia-s-abiy-ahmed-goes-from-flying-start-to-a-quicksand-of-troubles-1.1160415,https://aigaforum.com/Archive/ArchiveFeb2021.htm,72,126
"ቅዋም ዓለምለኸ 
ሕብረት ኣመንቲ
ወንጌል ክርስትያን
ተጋሩ እዋናዊ ቕዋም",http://aigaforum.com/news2021/Global-Alliance-Tigraian-Evangelical-Christians-Statement-02-2021.pdf,https://aigaforum.com/Archive/ArchiveFeb2021.htm,45,99
UN: Ethiopia May Not Have Control of a Large Part of Tigray,https://www.usnews.com/news/world/articles/2021-02-04/un-ethiopia-may-not-have-control-of-a-large-part-of-tigray,https://aigaforum.com/Archive/ArchiveFeb2021.htm,59,112
Abiy Ahmed's Call for Diaspora and Friends of Ethiopia: No need for reading it between the lines.,http://www.aigaforum.com/article2021/Abiy-Ahmed-Misinformation.htm,https://aigaforum.com/Archive/ArchiveFeb2021.htm,97,66
"በውሸት
ዜና አገር ከማፍረስ እንቆጠብ",http://aigaforum.com/amharic-article-2021/message-to-ethiopians-tigrai-conflict.htm,https://aigaforum.com/Archive/ArchiveFeb2021.htm,23,83
"መስቀል
ትሕረድ ጤል ቅዱስ ዮሐንስ
ትሕረድ በጊዕ ትስሕቅ",http://aigaforum.com/amharic-article-2021/commentary-on-eritreans-tigrai-conflict.htm,https://aigaforum.com/Archive/ArchiveFeb2021.htm,35,85
Returned Peace Corps Volunteers (RPCVs) who served in Ethiopia and Eritrea letter to U.S Congress,http://aigaforum.com/current-issue/RPCV-letter-to-Congress-02-2021.pdf,https://aigaforum.com/Archive/ArchiveFeb2021.htm,97,70
UN Secretary-General and UN Security Council Inactions Tantamount to Complicity in the War on Tigray and the Making of Genocide,http://www.aigaforum.com/article2021/UNSG-and-UNSC-Inactions-in-War-on-Tigray.htm,https://aigaforum.com/Archive/ArchiveFeb2021.htm,127,81
Lemonde: Abiy has lied to the secretary earlier in his phone call,https://www.lemonde.fr/afrique/article/2021/02/03/ethiopie-l-onu-s-inquiete-de-la-situation-humanitaire-au-tigre_6068600_3212.html,https://aigaforum.com/Archive/ArchiveFeb2021.htm,65,130
"Tigray opposition parties assert 50,000-plus civilian deaths",https://news.yahoo.com/tigray-opposition-parties-assert-50-140853355.html,https://aigaforum.com/Archive/ArchiveFeb2021.htm,60,73
"The enemy within, the end of Ethiopian unity.",http://www.aigaforum.com/article2021/The-enemy-within.htm,https://aigaforum.com/Archive/ArchiveFeb2021.htm,45,57
Abiy Ahmed Finds Himself in a Political Straitjacket,http://www.aigaforum.com/article2021/Abiy-straitjacket.htm,https://aigaforum.com/Archive/ArchiveFeb2021.htm,52,58
A call for Germans and Europeans to Help Tigray (German),http://www.aigaforum.com/news2021/Ein-dringender-Appell-von-Tigray-fuer -Deutschland-und-EU.pdf,https://aigaforum.com/Archive/ArchiveFeb2021.htm,56,95
Ethiopia's Tigray crisis: What a blind man's death reveals,https://www.bbc.com/news/world-africa-55832712,https://aigaforum.com/Archive/ArchiveFeb2021.htm,58,46
Wolqait: How Achamyaleh Tamiru killed Geography.,http://www.aigaforum.com/article2021/how-achamyeleh-killed-geography.htm,https://aigaforum.com/Archive/ArchiveFeb2021.htm,48,72
"ኢትዮጵያዊነት
ምዋርተኝነት ነው",http://aigaforum.com/amharic-article-2021/fake-ethiopianism.htm,https://aigaforum.com/Archive/ArchiveFeb2021.htm,19,63
Hundreds of thousands could starve to death,https://www.spiegel.de/politik/ausland/aethiopien-humanitaere-katastrophe-in-der-region-tigray-weitet-sich-aus-a-aa677066-26fc-44be-99a7-3d98d2ec78f5,https://aigaforum.com/Archive/ArchiveFeb2021.htm,43,149
A New U.S. Policy Toward Africa: A Conversation with Chairman Gregory Meeks and African Activists,https://www.csis.org/events/online-event-new-us-policy-toward-africa-conversation-chairman-gregory-meeks-and-african,https://aigaforum.com/Archive/ArchiveFeb2021.htm,97,116
"Tigray crisis: 'Genocidal war' waged in Ethiopia region, says leader",https://www.bbc.com/news/world-africa-55877939,https://aigaforum.com/Archive/ArchiveFeb2021.htm,68,46
"Selective Criminal Investigation and Charges: Prejudice, Hypocrisy & the need for Credible International Inquiry",http://www.aigaforum.com/article2021/the-need-for-an-impartial-inquiry.htm,https://aigaforum.com/Archive/ArchiveFeb2021.htm,112,74
Ethiopia says Tigray back to 'normalcy;' witnesses disagree.,https://www.khon2.com/international/ethiopia-says-tigray-back-to-normalcy-witnesses-disagree/,https://aigaforum.com/Archive/ArchiveFeb2021.htm,60,93
"መግለጺ ግዱሳት
ኤርትራውያን ኣብ
ጉዳይ ምትእትታው
ኤርትራ ኣብ ኲናት ሕድሕድ
ኢትዮጵያ",http://aigaforum.com/amharic-article-2021/Statement-of-Concerned-Eritreans-Tigrai-Conflict-28012021,https://aigaforum.com/Archive/ArchiveFeb2021.htm,54,99
US Ambassador Michael A. Raynor - An Abettor of the War on Tigray and the Making of Genocide,http://www.aigaforum.com/article2021/Amb-Michael-Raynor-Accomplice-of-War-Crime-in-Tigray.htm,https://aigaforum.com/Archive/ArchiveFeb2021.htm,92,93
"The Honorable Members of the House of Representatives and Senate United States Congress Washington, D.C. 20515",http://www.aigaforum.com/news2021/Open-Letter-to-US-Congress-012821.htm,https://aigaforum.com/Archive/ArchiveFeb2021.htm,110,71
The Honorable Members of the House of Representatives ... (PDF),http://www.aigaforum.com/news2021/Open-Letter-to-US-Congress-012821.pdf,https://aigaforum.com/Archive/ArchiveFeb2021.htm,63,71
"UK says killers in Ethiopia ""must be held to account whoever they may be""",https://www.davidalton.net/2021/01/28/uk-says-killers-in-ethiopia-must-be-held-to-account-whoever-they-may-be-and-responds-to-call-that-eye-witness-statements-are-taken-from-refugees-from-tigray-about-reports-of-war-cri/,https://aigaforum.com/Archive/ArchiveFeb2021.htm,73,220
Joint NGO Letter call for a Special Session on the deteriorating human rights situation in Ethiopia,https://www.globalr2p.org/publications/joint-ngo-letter-ethiopia/,https://aigaforum.com/Archive/ArchiveFeb2021.htm,99,65
"መፍትሔው
ትግራዋይ ብሔርተኝነት
ነው",http://aigaforum.com/amharic-article-2021/the-solution-is-tigrai-nationalism.htm,https://aigaforum.com/Archive/ArchiveFeb2021.htm,22,80
"""Quralew"": Aren't Eritreans worried about their own integrity if not about Tigray?",http://www.aigaforum.com/article2021/are-eritreans-not-worried.htm,https://aigaforum.com/Archive/ArchiveFeb2021.htm,82,66
"መኸተ ትግራይና
ከመይ ኣሎ？",http://aigaforum.com/amharic-article-2021/how-is-mekete-campaign-going.htm,https://aigaforum.com/Archive/ArchiveFeb2021.htm,17,74
"12 weeks into the conflict, 'deeply troubling' situation for children in Tigray",https://www.unicef.org/press-releases/12-weeks-conflict-deeply-troubling-situation-children-tigray?fbclid=IwAR1fwsEWUNwRrDjLBX2sZ77WUc8A5Tgnw2FOl_n69EL0s0lgx4hOcru5OO0,https://aigaforum.com/Archive/ArchiveFeb2021.htm,79,167
"Open Letter to Mr. Pawel Jablonski The Deputy Foreign Minister Warsaw, Poland",http://www.aigaforum.com/article2021/open-letter-to-dfm-of-poland.htm,https://aigaforum.com/Archive/ArchiveFeb2021.htm,77,69
War Crimes:  Rape and Sexual Violence in Tigray,http://www.aigaforum.com/article2021/War-Crimes-Rape-Sexual-Violence-in-Tigray.htm,https://aigaforum.com/Archive/ArchiveFeb2021.htm,47,82
"የያኔው
ድምጸ-መረዋው
ጋዜጠኛ፣ (ሴኮቱሬ
ጌታቸው)",http://aigaforum.com/amharic-article-2021/Remembering-Getachew-Sekuture.pdf.htm,https://aigaforum.com/Archive/ArchiveFeb2021.htm,31,79
The Three-Legged Genocide in Tigray in the Making,http://www.aigaforum.com/article2021/The-Three-legged-Genocide-in-Tigray.htm,https://aigaforum.com/Archive/ArchiveFeb2021.htm,49,76
Open Letter to former American Ambassador to Ethiopia: Michael Raynor,http://www.aigaforum.com/article2021/Open-Letter-to-Amb-Michael-Reynor.htm,https://aigaforum.com/Archive/ArchiveFeb2021.htm,69,74
Unassuming and Dauntless Seyoum Mesfin:His powerful message in the aftermath of the Tigray Election 2020,http://www.aigaforum.com/article2021/Unassuming-and-Dauntless-Seyoum-Mesfin.htm,https://aigaforum.com/Archive/ArchiveFeb2021.htm,104,79
Are those ten stages of genocide executed in Tigray?,http://www.aigaforum.com/article2021/Genocide-in-Tigray.htm,https://aigaforum.com/Archive/ArchiveFeb2021.htm,52,59
Which is the real enemy of Tigray: Individual Leaders or the Established System in Ethiopia?,http://www.aigaforum.com/article2021/Real-Enemy-of-Tigray-Individual-Leaders-or-Established-System.htm,https://aigaforum.com/Archive/ArchiveFeb2021.htm,92,102
"Emergency Rapid Military Rescue Operation by EU, UNSC and USA; can only stop the genocide in Tigrai.",http://www.aigaforum.com/article2021/Rapid-Military-Operation-to-stop-genocide-in-Tigrai.htm,https://aigaforum.com/Archive/ArchiveFeb2021.htm,100,92
Members of the Tigray Community of Illinois Express Outrage over War Crimes Committed in the Tigray Region by Ethiopian Government and its Allies,http://www.aigaforum.com/article2021/Statement-from-Tigray-Community-of-Illinois-012321.htm,https://aigaforum.com/Archive/ArchiveFeb2021.htm,145,91
WAR CRIMES IN TIGRAY AS ETHIOPIA'S ABIY WEAPONIZES FOOD INSECURITY,https://www.blackstarnews.com/global-politics/africa/war-crimes-in-tigray-as-ethiopias-abiy-weaponizes-food,https://aigaforum.com/Archive/ArchiveFeb2021.htm,66,107
"An urgent message to his excellence Mr Joseph Robinette Biden Jr., 46th President of the United States of America, from Tigray.",http://www.aigaforum.com/news2021/open-letter-to-president-biden-012321.htm,https://aigaforum.com/Archive/ArchiveFeb2021.htm,127,75
Traitors in History,http://www.aigaforum.com/article2021/Traitors-in-History.htm,https://aigaforum.com/Archive/ArchiveFeb2021.htm,19,60
Abiy Ahmed and the Political Weaponization of Lies,http://www.aigaforum.com/article2021/Abiy-Ahmed-Political-Weaponization-of-Lies.htm,https://aigaforum.com/Archive/ArchiveFeb2021.htm,50,83
UAE:  Investment or military Interference in the Horn?,http://www.aigaforum.com/article2021/UAE-military-interference-in-the-Horn.htm,https://aigaforum.com/Archive/ArchiveFeb2021.htm,54,78
"Ethiopia, Land of Atrocities",http://www.aigaforum.com/article2021/Ethiopia-Land-of-Atrocities.htm,https://aigaforum.com/Archive/ArchiveFeb2021.htm,28,68
"Ethiopia, Land of Atrocities(German)",http://www.aigaforum.com/article2021/Ethiopia-land-of-atrocities-german.pdf,https://aigaforum.com/Archive/ArchiveFeb2021.htm,36,75
The Axum Civilian Massacre of November 2020,http://www.aigaforum.com/article2021/The-Axum-November2020-Civilian-Massacre.htm,https://aigaforum.com/Archive/ArchiveFeb2021.htm,43,80
Elusive Peace in the Horn of Africa,http://www.aigaforum.com/article2021/Elusive-Peace-in-the-Horn-of-Africa.htm,https://aigaforum.com/Archive/ArchiveFeb2021.htm,35,76
The Eritrean Democratic movements should campaign vigorously to bring Isaias   to the International Criminal court,http://www.aigaforum.com/article2021/bring-Isaias-to-the-International-Criminal-Court.htm,https://aigaforum.com/Archive/ArchiveFeb2021.htm,114,89
The Deafening Silence of Ethiopians is Silently Slaying Ethiopia,http://www.aigaforum.com/article2021/the-deafening-silence.htm,https://aigaforum.com/Archive/ArchiveFeb2021.htm,64,62
The Vandals of the 21st Century: Eritrean and Amhara Troops in Tigray,http://www.aigaforum.com/article2021/21st-Century-Vandals-Eritrean-Amhara-Troops-in-Tigray.htm,https://aigaforum.com/Archive/ArchiveFeb2021.htm,69,94
"Afewerki, Extremist Amhara and Ahmed's Dreadful Crimes against Retired and Elderly former Tigray leaders",http://www.aigaforum.com/article2021/Afewerki-AbiyAmed-Crime-Killing-of-Retired-TPLF-Elders.htm,https://aigaforum.com/Archive/ArchiveFeb2021.htm,104,95
Triumph of Chauvinism and the Disintegration of Ethiopia,http://www.aigaforum.com/article2021/Triumph-of-Chauvinism.htm,https://aigaforum.com/Archive/ArchiveFeb2021.htm,56,62
Are Eritreans Working for or against their Nations future?,http://www.aigaforum.com/article2021/Are-Eritreans-Working-for-or-against-their-Nations.htm,https://aigaforum.com/Archive/ArchiveFeb2021.htm,58,91
Press Release on the current situation of Tigray,http://www.aigaforum.com/current-issue/Said-Ahmed-Negash-Support-Group-in-Toronto-011521.pdf,https://aigaforum.com/Archive/ArchiveFeb2021.htm,48,92
HowPMAbiy Ahmed Ali Duped the World including the Nobel Prize Organization: Deconstructing Abiy Ahmed's Alternative Facts,http://www.aigaforum.com/current-issue/duping-the-world-sjte-011321.pdf,https://aigaforum.com/Archive/ArchiveFeb2021.htm,121,71
Why do you hate me,http://aigaforum.com/article2021/Why-do-you-hate-me.htm,https://aigaforum.com/Archive/ArchiveMar2021.htm,18,55
The Road Not Taken!,http://aigaforum.com/article2021/The-Road-Not-Taken.htm,https://aigaforum.com/Archive/ArchiveMar2021.htm,19,55
"ኣናሳ.... ኮሳሳ....
ኣቨሳ.!",http://aigaforum.com/amharic-article-2021/minority-and-weak.htm,https://aigaforum.com/Archive/ArchiveMar2021.htm,21,63
Mykadria!,http://aigaforum.com/article2021/Maikadria.pdf,https://aigaforum.com/Archive/ArchiveMar2021.htm,9,46
የቀን ጅቡ ማነው፧,http://aigaforum.com/amharic-article-2021/poem-YEkenjib-manew.htm,https://aigaforum.com/Archive/ArchiveMar2021.htm,11,65
TIGRAY WILL RISE FROM THE ASHES,http://aigaforum.com/article2021/Tigray-will-rise-from-the-ashes.pdf,https://aigaforum.com/Archive/ArchiveMar2021.htm,31,68
A Basket of Rotten Eggs!,http://aigaforum.com/article2021/A-Basket-of-Rotten-Eggs.htm,https://aigaforum.com/Archive/ArchiveMar2021.htm,24,60
My Back!,http://aigaforum.com/article2021/My-Back.htm,https://aigaforum.com/Archive/ArchiveMar2021.htm,8,44
Horrific Crimes in Tigrai: What Worse did Charles Taylor Commit in West Africa?,http://aigaforum.com/article2021/Crimes-in-Tigrai-Worse-than-Charles-Taylor-did.htm,https://aigaforum.com/Archive/ArchiveMar2021.htm,79,83
Tigray Conundrum 2021: Ethiopian Enemies and Foreign Friends,http://aigaforum.com/article2021/Tigray-Conundrum-2021.htm,https://aigaforum.com/Archive/ArchiveMar2021.htm,60,58
World Bank concerns about 'unrest in Ethiopia',https://www.aa.com.tr/en/economy/world-bank-concerns-about-unrest-in-ethiopia/2166489?fbclid=IwAR2EkqnhpVodSPbDX_Jf5b7QR4P_EOR2vbNWArHDn_8IhZhrqO-jIL1lA6o,https://aigaforum.com/Archive/ArchiveMar2021.htm,46,154
Ethiopia: Eritrean Forces Massacre Tigray Civilians,https://www.hrw.org/news/2021/03/05/ethiopia-eritrean-forces-massacre-tigray-civilians,https://aigaforum.com/Archive/ArchiveMar2021.htm,51,86
Bayto Yiakl Letter to U.N. Security Council Permanent Members,http://aigaforum.com/current-issue/Bayto-Yiakl-USA-Letter-to-UNSC.pdf,https://aigaforum.com/Archive/ArchiveMar2021.htm,61,69
"Ethiopia: Persistent, credible reports of grave violations in Tigray underscore urgent need for human rights access - Bachelet",https://www.ohchr.org/EN/NewsEvents/Pages/DisplayNews.aspx?NewsID=26838&LangID=E&utm_source=dailybrief&utm_medium=email&utm_campaign=DailyBrief2021Mar4&utm_term=DailyNewsBrief,https://aigaforum.com/Archive/ArchiveMar2021.htm,126,175
Bystanders to Genocide,http://aigaforum.com/article2021/Bystanders-to-genocide.htm,https://aigaforum.com/Archive/ArchiveMar2021.htm,22,59
"The Venable Law Firm's Support of Ethiopia's Genocide: The lives of Tigrayans are valued at US $105,000.",http://aigaforum.com/article2021/Venable-Law-Firm-Support-of-Ethiopia-Genocide.htm,https://aigaforum.com/Archive/ArchiveMar2021.htm,104,82
"Massacre of ""Ethiopianess"" in the holy city of Axum",http://aigaforum.com/article2021/Massacre-of-Ethiopianess.htm,https://aigaforum.com/Archive/ArchiveMar2021.htm,51,61
Isayas Afewerki 's & Abiy Ahmed 's ethnic cleansing war on Tigray,http://aigaforum.com/article2021/Afewerki-and-Abiy-Ahmed-war-on-Tigray.htm,https://aigaforum.com/Archive/ArchiveMar2021.htm,65,74
UN Security Council to discuss Ethiopia conflict following CNN investigation into Tigray massacre,https://www.cnn.com/2021/03/03/africa/un-security-council-ethiopia-tigray-intl/index.html,https://aigaforum.com/Archive/ArchiveMar2021.htm,97,89
There is no sovereignty to cleanse a population: withdraw from Tigray or face consequences.,http://aigaforum.com/article2021/There-is-no-sovereignty-to-cleanse.htm,https://aigaforum.com/Archive/ArchiveMar2021.htm,91,71
The UN Failed to Proact in Tigrai As It Did in Rwanda,http://aigaforum.com/article2021/The-UN-and-The-Tigrai-war.htm,https://aigaforum.com/Archive/ArchiveMar2021.htm,53,62
CNN EXCLUSIVE: Leader of Tigray's forces accuses Ethiopian and Eritrean governments of genocide,https://www.cnn.com/2021/03/01/africa/ethiopia-mfa-us-tigray-troops-intl/index.html,https://aigaforum.com/Archive/ArchiveMar2021.htm,95,83
Four media workers arrested in Ethiopia's Tigray,https://news.yahoo.com/four-media-workers-arrested-ethiopias-163408204.html,https://aigaforum.com/Archive/ArchiveMar2021.htm,48,75
Salute the Holy Solidarity of democrats to Fight Against the Dictators: Abiy and Esaias and the Amhara Chauvinists,http://aigaforum.com/article2021/solidarity-Against-Abiy-Esaias-Amhara-Chauvinists.htm,https://aigaforum.com/Archive/ArchiveMar2021.htm,114,86
"Abiy's Folly and (One, Major) Consequence for Ethiopia",http://aigaforum.com/article2021/Abiys-Folly-and-One-Consequence.pdf,https://aigaforum.com/Archive/ArchiveMar2021.htm,54,68
"Massacre in
the mountains -Updated",https://www.cnn.com/2021/02/26/africa/ethiopia-tigray-dengelat-massacre-intl/index.html,https://aigaforum.com/Archive/ArchiveMar2021.htm,34,87
Atrocities in Ethiopia's Tigray Region,https://www.state.gov/atrocities-in-ethiopias-tigray-region/,https://aigaforum.com/Archive/ArchiveMar2021.htm,38,60
"Ethiopia's War Leads to Ethnic Cleansing in Tigray Region,
 U.S. Report Says",https://www.nytimes.com/2021/02/26/world/middleeast/ethiopia-tigray-ethnic-cleansing.html?referringSource=articleShare,https://aigaforum.com/Archive/ArchiveMar2021.htm,76,118
"Tigray conflict: Joint 
by HR/VP Borrell and Commissioner Lenarcic on massacres in Axum",https://eeas.europa.eu/headquarters/headquarters-homepage_en/93875/Tigray%20conflict:%20Joint%20Statement%20by%20HR/VP%20Borrell%20and%20Commissioner%20Lenar%C4%8Di%C4%8D%20on%20massacres%20in%20Axum,https://aigaforum.com/Archive/ArchiveMar2021.htm,87,199
THE MASSACRE IN AXUM,http://aigaforum.com/current-issue/The_Massacre_of_Axum_Amnesty_Report.pdf,https://aigaforum.com/Archive/ArchiveMar2021.htm,20,74
Source,https://www.amnesty.org/en/latest/news/2021/02/ethiopia-eritrean-troops-massacre-of-hundreds-of-axum-civilians-may-amount-to-crime-against-humanity/,https://aigaforum.com/Archive/ArchiveMar2021.htm,6,148
In the Age of Satellite Remote Sensing and Vision no one can hide Genocide.,http://aigaforum.com/article2021/fake-soveregnity.htm,https://aigaforum.com/Archive/ArchiveMar2021.htm,75,53
The Superheroes: Tegaru in the diaspora braved the winter and stood for their people.,http://aigaforum.com/article2021/diaspora-tegaru-superheroes.htm,https://aigaforum.com/Archive/ArchiveMar2021.htm,85,64
International media in Tigray: They're not naive at all,http://aigaforum.com/article2021/International-media-in-Tigray.htm,https://aigaforum.com/Archive/ArchiveMar2021.htm,55,66
Latest internal U.S. government report and Ethiopian Human Rights Commission,http://aigaforum.com/article2021/Latest-internal-U.S.government-report-and-EHRC.htm,https://aigaforum.com/Archive/ArchiveMar2021.htm,76,83
Open Letter To Secretary of State Antony J. Blinken.,http://aigaforum.com/news2021/SJTE-Letter-to-State-Dept-Feb_25_2021.htm,https://aigaforum.com/Archive/ArchiveMar2021.htm,52,71
"Belligerent Amhara Regional State and Trails of Blood, Rape and Ethnic Cleansing",http://aigaforum.com/article2021/The-Amhara-Regional-State.htm,https://aigaforum.com/Archive/ArchiveMar2021.htm,80,62
Crimes against Tigrayan peacekeepers: Shame on Abiy Ahmed and the Country,http://aigaforum.com/article2021/Crimes-against-Tigrayan-peacekeepers.htm,https://aigaforum.com/Archive/ArchiveMar2021.htm,73,73
Seb-Hidri Tigray Civil Society - on The On-going Humanitarian Crisis and Genocide in Tigray,http://aigaforum.com/news2021/seb-hidri-statement-022121.htm,https://aigaforum.com/Archive/ArchiveMar2021.htm,91,60
The Tigrayan genocide,http://aigaforum.com/article2021/Tigray-genocide-022021.htm,https://aigaforum.com/Archive/ArchiveMar2021.htm,21,59
"On Junta, Fascism, and the nature of Evil",http://aigaforum.com/article2021/On-Junta-fasiscist-evil.htm,https://aigaforum.com/Archive/ArchiveMar2021.htm,41,60
A Requiem for Our Tegaru Martyrs,http://aigaforum.com/article2021/A-Requiem-for-Our-Tegaru-Martyrs.htm,https://aigaforum.com/Archive/ArchiveMar2021.htm,32,69
UAE: Don't Spoil Your History by Supporting Losing Dictators,http://aigaforum.com/article2021/UAE-shoud-not-spoil-its-history.htm,https://aigaforum.com/Archive/ArchiveMar2021.htm,60,68
Genocidal Warlord Isayas Afewerki's Staged Interview: Reality check,http://aigaforum.com/article2021/Genocidal-Warlord-Isayas-Afewerki.htm,https://aigaforum.com/Archive/ArchiveMar2021.htm,67,70
African Union: Do they know the African Charter?,http://aigaforum.com/article2021/Open-letter-to-the-African-Union.htm,https://aigaforum.com/Archive/ArchiveMar2021.htm,48,69
"Open letter to H.E. Mr. Pekka Haavisto, Minister of Foreign Affairs of Finland,",http://aigaforum.com/news2021/Eritrean-Message-to-Foreign-Minister-of-Finland,https://aigaforum.com/Archive/ArchiveMar2021.htm,79,77
Free Jawar Mohammed!,http://aigaforum.com/article2021/Free-Jawar.htm,https://aigaforum.com/Archive/ArchiveMar2021.htm,20,47
aigaforum.com,https://aigaforum.com/Archive/ArchiveMar2021_files/saved_resource,https://aigaforum.com/Archive/ArchiveMar2021.htm,13,65
TDA,http://www.tdaint.org/,https://aigaforum.com/Archive/ArchiveMar2021.htm,3,22
MU,http://www.mu.edu.et/,https://aigaforum.com/Archive/ArchiveMar2021.htm,2,21
Axum,http://www.axumalumniassociation.com/,https://aigaforum.com/Archive/ArchiveMar2021.htm,4,37
